{"nodes":[{"id":"8a09d181-24dc-4292-8273-94202c4b98da","contentWidth":258.93817138671875,"selected":false,"dragging":false,"position":{"x":39,"y":-65},"positionAbsolute":{"x":39,"y":-65},"width":273,"height":183}],"edges":[],"viewport":{"x":-1.3636363340803417,"y":101.46359755263836,"zoom":1}}