{"nodes":[{"id":"8a09d181-24dc-4292-8273-94202c4b98da","contentWidth":258.93817138671875,"selected":false,"dragging":false,"position":{"x":39,"y":-13},"positionAbsolute":{"x":39,"y":-13},"width":273,"height":71}],"edges":[],"viewport":{"x":-0.4545454446934474,"y":86.15450579627483,"zoom":1}}